index,감귤 | 00 |  | 01 | 소매가격 > 과일류 > 감귤 > 감귤 > 상품 > 10개,감귤 | 00 |  | 01 | 소매가격 > 과일류 > 감귤 > 감귤 > 중품 > 10개,감귤 | 00 |  | 02 | 중도매인 판매가격 > 과일류 > 감귤 > 감귤 > 상품 > 1kg,감귤 | 00 |  | 02 | 중도매인 판매가격 > 과일류 > 감귤 > 감귤 > 중품 > 1kg,단감 | 00 |  | 01 | 소매가격 > 과일류 > 단감 > 단감 > 상품 > 10개,단감 | 00 |  | 01 | 소매가격 > 과일류 > 단감 > 단감 > 중품 > 10개,단감 | 00 |  | 02 | 중도매인 판매가격 > 과일류 > 단감 > 단감 > 상품 > 1kg,단감 | 00 |  | 02 | 중도매인 판매가격 > 과일류 > 단감 > 단감 > 중품 > 1kg,망고 | 00 |  | 01 | 소매가격 > 과일류 > 망고 > 수입 > 상품 > 1개,망고 | 00 |  | 01 | 소매가격 > 과일류 > 망고 > 수입 > 중품 > 1개,망고 | 00 |  | 02 | 중도매인 판매가격 > 과일류 > 망고 > 수입 > 상품 > 1kg,망고 | 00 |  | 02 | 중도매인 판매가격 > 과일류 > 망고 > 수입 > 중품 > 1kg,바나나 | 02 |  | 01 | 소매가격 > 과일류 > 바나나 > 수입 > 상품 > 1kg,바나나 | 02 |  | 01 | 소매가격 > 과일류 > 바나나 > 수입 > 중품 > 1kg,바나나 | 02 |  | 02 | 중도매인 판매가격 > 과일류 > 바나나 > 수입 > 상품 > 1kg,바나나 | 02 |  | 02 | 중도매인 판매가격 > 과일류 > 바나나 > 수입 > 중품 > 1kg,배 | 01 |  | 01 | 소매가격 > 과일류 > 배 > 신고 > 상품 > 10개,배 | 01 |  | 01 | 소매가격 > 과일류 > 배 > 신고 > 중품 > 10개,배 | 01 |  | 02 | 중도매인 판매가격 > 과일류 > 배 > 신고 > 상품 > 1kg,배 | 01 |  | 02 | 중도매인 판매가격 > 과일류 > 배 > 신고 > 중품 > 1kg,복숭아 | 01 |  | 01 | 소매가격 > 과일류 > 복숭아 > 백도 > 상품 > 10개,복숭아 | 01 |  | 01 | 소매가격 > 과일류 > 복숭아 > 백도 > 중품 > 10개,복숭아 | 01 |  | 02 | 중도매인 판매가격 > 과일류 > 복숭아 > 백도 > 상품 > 1kg,복숭아 | 01 |  | 02 | 중도매인 판매가격 > 과일류 > 복숭아 > 백도 > 중품 > 1kg,사과 | 05 | 1 | 01 | 소매가격 > 과일류 > 사과 > 후지 > 상품 > 10개,사과 | 05 | 1 | 02 | 중도매인 판매가격 > 과일류 > 사과 > 후지 > 상품 > 1kg,사과 | 05 | 2 | 01 | 소매가격 > 과일류 > 사과 > 후지 > 중품(일반 소비용) > 10개,사과 | 05 | 2 | 02 | 중도매인 판매가격 > 과일류 > 사과 > 후지 > 중품(일반 소비용) > 1kg,오렌지 | 02 |  | 01 | 소매가격 > 과일류 > 오렌지 > 수입 > 상품 > 10개,오렌지 | 02 |  | 01 | 소매가격 > 과일류 > 오렌지 > 수입 > 중품 > 10개,오렌지 | 02 |  | 02 | 중도매인 판매가격 > 과일류 > 오렌지 > 수입 > 상품 > 1kg,오렌지 | 02 |  | 02 | 중도매인 판매가격 > 과일류 > 오렌지 > 수입 > 중품 > 1kg,자몽 | 00 |  | 01 | 소매가격 > 과일류 > 자몽 > 수입 > 상품 > 10개,자몽 | 00 |  | 01 | 소매가격 > 과일류 > 자몽 > 수입 > 중품 > 10개,파인애플 | 02 |  | 01 | 소매가격 > 과일류 > 파인애플 > 수입 > 상품 > 1개,파인애플 | 02 |  | 01 | 소매가격 > 과일류 > 파인애플 > 수입 > 중품 > 1개,파인애플 | 02 |  | 02 | 중도매인 판매가격 > 과일류 > 파인애플 > 수입 > 상품 > 1kg,파인애플 | 02 |  | 02 | 중도매인 판매가격 > 과일류 > 파인애플 > 수입 > 중품 > 1kg,포도 | 01 |  | 01 | 소매가격 > 과일류 > 포도 > 캠벨얼리 > L과 > 1kg,포도 | 01 |  | 01 | 소매가격 > 과일류 > 포도 > 캠벨얼리 > M과 > 1kg,포도 | 01 |  | 02 | 중도매인 판매가격 > 과일류 > 포도 > 캠벨얼리 > L과 > 1kg,포도 | 01 |  | 02 | 중도매인 판매가격 > 과일류 > 포도 > 캠벨얼리 > M과 > 1kg,포도 | 12 |  | 01 | 소매가격 > 과일류 > 포도 > 샤인머스켓 > L과 > 1kg,포도 | 12 |  | 01 | 소매가격 > 과일류 > 포도 > 샤인머스켓 > M과 > 1kg,포도 | 12 |  | 02 | 중도매인 판매가격 > 과일류 > 포도 > 샤인머스켓 > L과 > 1kg,포도 | 12 |  | 02 | 중도매인 판매가격 > 과일류 > 포도 > 샤인머스켓 > M과 > 1kg
2009-1,"2,651","1,774","1,417","1,232","10,265","7,080","3,256","2,586",,,,,"2,330","1,730","1,567","1,481","17,586","11,772","2,088","1,698",,,,,"16,308","3,411","10,649","2,923","9,439","7,368","2,863","2,719",,,,,,,,,,,,,,
2009-10,"3,267","3,006","1,500","1,100","8,400","5,638","1,600","1,200",,,,,"2,860","2,350","1,563","1,483","19,515","10,072","1,730","1,375",,,,,"12,275","2,107","10,000","1,747","10,684","8,000","3,053","2,907",,,,,,,"4,408",,"3,333","2,610",,,,
2009-11,"2,104","1,820","1,257",833,"7,905","5,596","1,886","1,371",,,,,"2,820","2,120","1,318","1,247","20,278","10,300","1,724","1,321",,,,,"13,283","2,740","8,983","2,152","10,234","8,000","2,968","2,540",,,,,,,"4,453",,"2,800","2,000",,,,
2009-12,"1,687","1,400","1,265",933,"9,101","5,893","2,392","1,832",,,,,"2,500","1,810","1,188","1,057","19,373","10,233","1,898","1,489",,,,,"14,341","3,451","10,277","2,683","9,990","8,000","2,968","2,635",,,,,,,,,,,,,,
2009-2,"2,773","1,800","1,457","1,207","8,246","6,781","2,517","1,903",,,,,"2,590","1,810","1,586","1,494","18,042","12,315","2,113","1,707",,,,,"14,730","2,993","11,461","2,477","9,672","8,100","2,881","2,797",,,,,,,,,,,,,,
2009-3,"3,036","2,266","1,531","1,213","10,703","8,010","3,185","2,627",,,,,"2,770","2,140","1,759","1,659","16,640","12,825","1,900","1,652",,,,,"17,970","4,142","10,951","3,012","10,216","8,500","3,235","3,129",,,,,,,,,,,,,,
2009-4,,,,,"13,760","9,000","3,400","2,800",,,,,"2,940","2,420","1,861","1,761","17,874","14,555","2,206","1,879",,,,,"21,723","4,333","11,856","3,464","10,150","8,500","2,992","2,864",,,,,,,,,,,,,,
2009-5,,,,,,,,,,,,,"2,960","2,420","1,920","1,820","21,392","17,400","2,575","2,221",,,,,"24,950","4,333","12,597","3,600","11,081","8,500","2,795","2,670",,,,,,,,,,,,,,
2009-6,,,,,,,,,,,,,"2,930","2,410","1,920","1,820","27,076","20,724","2,948","2,670",,,,,"24,950","4,333","13,903","3,600","9,623","8,023","2,573","2,462",,,,,,,,,,,,,,
2009-7,,,,,,,,,,,,,"2,990","2,340","1,893","1,769","34,588","26,620","3,333","3,000","16,840","14,944","5,000","3,533","24,950","4,333","16,414","3,600","10,566","8,000","3,002","2,862",,,,,,,"6,850","6,683","5,232","4,063",,,,
2009-8,,,,,,,,,,,,,"3,120","2,280","1,714","1,587","33,226","25,000","3,230","2,896","16,279","14,000","2,629","1,733",,"3,846","15,223","3,165","11,240","8,000","3,598","3,487",,,,,,,"4,747","3,230","2,495","1,867",,,,
2009-9,,,,,,,,,,,,,"2,940","2,320","1,620","1,540","18,556","10,000","1,903","1,569","14,240",,"3,000","2,082",,,,,"10,571","8,000","3,258","3,109",,,,,,,"3,873","3,980","3,073","2,473",,,,
2010-1,"2,009","1,400","1,540","1,157","9,073","5,987","2,597","1,997",,,,,"2,590","1,730","1,281","1,051","22,111","13,250","2,200","1,757",,,,,"16,273","3,963","11,832","2,987","10,031","8,000","2,667","2,333",,,,,,,,,,,,,,
2010-10,,,,,,,,,,,,,"1,990","1,650","1,252","1,133","26,516","19,244","2,473","2,092",,,,,,,,,"10,000","8,000","3,444","2,778",,,,,,,"4,712",,"3,724","2,819",,,,
2010-11,"2,874","2,021","1,518","1,152","9,891","7,840","2,994","2,530",,,,,"2,020","1,270","1,100","1,000","28,017","19,667","2,909","2,206",,,,,"14,619","4,479","11,753","3,321","10,000","8,000","3,444","2,778",,,,,,,"4,639",,"2,680","1,850",,,,
2010-12,"2,718","2,000","1,751","1,403","10,000","7,873","3,432","2,899",,,,,"1,970","1,370","1,100","1,000","28,868","19,681","3,432","2,632",,,,,"20,000","6,435","12,872","4,000","10,000","8,000","3,444","2,778",,,,,,,,,,,,,,
2010-2,"2,254","1,400","1,547","1,147","9,790","6,384","2,779","2,242",,,,,"2,700","1,830","1,478","1,247","25,693","16,821","2,498","1,863",,,,,"16,958","4,137","13,849","3,190","9,250","8,000","2,404","2,175",,,,,,,,,,,,,,
2010-3,"2,500","1,965","1,926","1,361","10,182","6,000","2,959","2,400",,,,,"2,780","1,980","1,616","1,463","25,522","17,475","2,497","2,000",,,,,"19,950","4,000","13,922","3,133","8,771","7,859","2,765","2,535",,,,,,,,,,,,,,
2010-4,,,,,"9,157","6,000","3,086","2,486",,,,,"2,750","2,040","1,671","1,521","23,652","17,475","2,364","1,982",,,,,,"4,000","16,891","3,133","8,955","7,836","2,672","2,538",,,,,,,,,,,,,,
2010-5,,,,,,,,,,,,,"2,790","2,060","1,783","1,675","24,521","17,475","2,291","1,958",,,,,,"4,000","17,266","3,197","9,616","8,000","3,029","2,854",,,,,,,,,,,,,,
2010-6,,,,,,,,,,,,,"2,430","2,010","1,752","1,652","24,288","18,300","2,260","1,927",,,,,,"4,000","16,269","3,200","10,000","8,000","3,029","2,852",,,,,,,,,,,,,,
2010-7,,,,,,,,,,,,,"2,440","1,990","1,677","1,500","24,314","17,770","2,321","1,915",,,,,,"3,833","15,367","3,152","8,909","6,500","2,667","2,487",,,,,,,"9,122",,"8,400","7,520",,,,
2010-8,,,,,,,,,,,,,"2,410","1,950","1,632","1,432","24,404","17,931","1,970","1,561","22,120","15,706","5,364","4,327",,"3,703","14,950","3,036","10,000","8,000","2,737","2,495",,,,,,,"6,538",,"5,509","4,591",,,,
2010-9,,,,,,,,,,,,,"2,430","1,970","1,679","1,479","24,744","19,857","2,488","2,081","26,514","23,316","4,495","2,926",,"3,958","15,000","3,000","10,000","8,000","3,348","2,711",,,,,,,"5,091",,"4,042","3,263",,,,
2011-1,"2,726","1,819","1,914","1,514","11,408","8,318","3,467","2,933",,,,,"2,010","1,270","1,100","1,000","28,793","20,763","3,514","2,714",,,,,"28,190","6,175","14,285","4,175",,,,,,,,,,,,,,,,,,
2011-10,"2,962","2,000","2,067","1,733","10,000","6,941","2,467","2,267",,,,,"2,240","1,740","1,400","1,300","25,664","16,077","2,410","2,077",,,,,"30,000","4,133","14,707","3,267",,,,,,,,,,,"5,286",,"4,490","3,730",,,,
2011-11,"2,610","1,636","1,639","1,337","8,327","6,781","2,388","2,024",,,,,"2,240","1,790","1,373","1,273","26,282","16,642","2,594","2,261",,,,,"25,455","4,473","15,899","3,718",,,,,,,,,,,"6,070",,"5,164","4,545",,,,
2011-12,"2,512","1,500","1,757","1,394","8,135","7,417","2,371","2,025",,,,,"2,240","1,710","1,252","1,152","28,527","19,544","3,013","2,651",,,,,"24,762","5,356","16,095","4,270",,,,,,,,,,,,,,,,,,
2011-2,"2,993","1,735","1,541","1,196","10,320","8,760","3,702","3,169",,,,,"2,220","1,580","1,402","1,285","29,389","20,941","3,776","3,000",,,,,"29,000","6,275","14,063","4,333",,,,,,,,,,,,,,,,,,
2011-3,"2,487","1,692","1,606","1,287","9,790","8,161","3,828","3,335",,,,,"2,270","1,810","1,574","1,470","29,624","19,992","3,701","3,017",,,,,"24,391","5,949","13,611","4,261",,,,,,,,,,,,,,,,,,
2011-4,,,,,"10,000","8,000","3,844","3,355",,,,,"2,460","1,890","1,756","1,646","29,326","20,095","3,536","2,871",,,,,"24,330","5,381","15,213","4,000",,,,,,,,,,,,,,,,,,
2011-5,,,,,,,,,,,,,"2,510","1,920","1,836","1,731","29,283","21,149","3,919","3,099",,,,,"24,330","6,000","14,621","4,067",,,,,,,,,,,,,,,,,,
2011-6,,,,,,,,,,,,,"2,440","1,920","1,716","1,580","37,921","24,477","4,483","3,378",,,,,"24,130","6,000","15,459","4,067",,,,,,,,,,,,,,,,,,
2011-7,,,,,,,,,,,,,"2,400","1,820","1,595","1,419","42,590","32,583","6,286","3,952",,,,,"25,000","6,000","15,869","4,067",,,,,,,,,,,"8,770","5,930","7,667","6,667",,,,
2011-8,,,,,,,,,,,,,"2,300","1,680","1,332","1,227","50,000","37,179","6,667","4,333","19,475","11,125","4,106","3,188","25,000","6,000","16,466","4,067",,,,,,,,,,,"7,424","8,403","6,182","4,955",,,,
2011-9,,,,,,,,,,,,,"2,200","1,610","1,400","1,300","31,298","21,536","2,844","2,360","17,171","10,000","2,840","2,320",,,,,,,,,,,,,,,"5,181",,"3,950","3,180",,,,
2012-1,"2,664","1,810","2,250","1,750","9,367","7,877","2,550","2,217",,,,,"2,200","1,660","1,220","1,100","31,094","21,164","3,307","2,680",,,,,"26,750","5,713","17,441","4,397",,,,,,,,,,,,,,,,,,
2012-10,,,,,"10,482","6,853","2,471","1,975",,,,,"1,960","1,700","1,486","1,386","36,746","27,036","4,276","3,610",,,,,,,,,,,,,,,,,,,"6,479","5,246","4,276","3,248",,,,
2012-11,"2,543","2,210","1,609","1,223","8,070","6,344","2,052","1,718",,,,,"1,910","1,590","1,109","1,009","35,859","26,582","4,224","3,558",,,,,"23,816","4,667","16,838","4,000",,,,,,,,,,,"6,484","4,496","3,400","2,400",,,,
2012-12,"2,432","2,003","1,563","1,290","8,872","7,916","2,333","2,000",,,,,"1,830","1,540","1,205","1,105","37,678","27,949","4,456","3,789",,,,,"25,000","4,790","17,724","4,123",,,,,,,,,,,,,,,,,,
2012-2,"4,340","3,615","4,314","3,581","10,906","9,010","3,340","2,949",,,,,"2,110","1,660","1,429","1,229","29,380","21,313","2,911","2,371",,,,,"26,437","5,000","16,570","4,000",,,,,,,,,,,,,,,,,,
2012-3,"6,081","5,000","6,031","4,531","12,144","9,000","4,098","3,613",,,,,"2,260","1,800","1,805","1,557","28,797","21,411","3,137","2,562",,,,,"30,000","5,600","18,559","4,635",,,,,,,,,,,,,,,,,,
2012-4,,,,,"11,789","9,000","3,693","3,160",,,,,"2,250","1,870","1,900","1,600","31,631","21,456","3,000","2,533",,,,,"32,479","5,823","21,435","5,023",,,,,,,,,,,,,,,,,,
2012-5,,,,,,,,,,,,,"2,290","1,840","1,900","1,600","32,989","23,910","3,317","2,851",,,,,"35,667","6,267","24,631","5,467",,,,,,,,,,,,,,,,,,
2012-6,,,,,,,,,,,,,"2,220","1,700","1,660","1,455","35,140","27,493","3,780","3,223",,,,,"40,065","6,830","26,527","5,877",,,,,,,,,,,,,,,,,,
2012-7,,,,,,,,,,,,,"2,180","1,610","1,332","1,209","39,996","29,056","4,273","3,333","14,150","11,931","4,967","3,750","40,000","7,818","27,892","6,546",,,,,,,,,,,"8,244","7,875","5,833","4,783",,,,
2012-8,,,,,,,,,,,,,"2,100","1,630","1,364","1,232","36,099","26,417","4,333","3,333","15,090","11,802","4,282","2,973","36,023","8,000","28,523","6,667",,,,,,,,,,,"6,184","5,204","4,382","3,436",,,,
2012-9,,,,,,,,,,,,,"2,160","1,730","1,500","1,390","32,686","26,492","4,250","3,460","16,250","12,500","3,800","2,700","35,000","8,000","27,500","6,667",,,,,,,,,,,"5,006","4,688","3,410","2,760",,,,
2013-1,"2,462","1,950","1,527","1,318","9,818","7,871","2,455","2,121",,,,,"2,040","1,650","1,518","1,400","40,815","29,703","4,409","3,742",,,,,"24,742","4,743","18,736","4,076",,,,,,,,,,,,,,,,,,
2013-10,"3,188","2,682","2,289","1,656","10,573","7,624","2,696","2,326",,,,,"2,550","2,270","1,971","1,681","32,592","23,394","2,210","1,860",,,,,,,,,,,,,"20,857","17,369",,,,,"4,238","4,158","3,133","2,705",,,,
2013-11,"2,794","2,381","1,810","1,452","9,137","7,639","2,232","1,892",,,,,"2,420","2,260","1,695","1,514","30,962","19,645","3,000","2,641",,,,,"18,071","4,587","13,447","3,921",,,,,"25,526","17,428",,,,,"5,127","4,229","3,433","2,667",,,,
2013-12,"2,559","2,095","1,848","1,510","10,103","8,309","3,010","2,698",,,,,"2,390","2,300","1,310","1,076","30,970","17,464","2,984","2,651",,,,,"19,450","4,317","15,308","3,651",,,,,"28,643","17,934",,,,,,,,,,,,
2013-2,"2,478","2,029","1,516","1,311","11,008","7,772","2,677","2,323",,,,,"2,200","1,730","1,800","1,600","41,170","28,222","4,982","4,316",,,,,"25,521","5,316","18,950","4,649",,,,,,,,,,,,,,,,,,
2013-3,"2,731","2,246","1,523","1,223","9,581","7,869","3,000","2,533",,,,,"2,300","1,970","2,180","1,870","37,816","25,927","4,917","4,217",,,,,"23,910","5,300","20,274","4,583",,,,,,,,,,,,,,,,,,
2013-4,,,,,"10,050","7,900","3,000","2,533",,,,,"2,770","2,300","2,436","2,236","38,443","23,523","4,318","3,661",,,,,"23,199","5,000","20,776","4,333",,,,,,,,,,,,,,,,,,
2013-5,,,,,,,,,,,,,"2,870","2,320","2,462","2,262","35,876","24,886","3,873","3,438",,,,,"24,859","4,714","21,467","4,130",,,,,,,,,,,,,,,,,,
2013-6,,,,,,,,,,,,,"2,800","2,280","2,300","2,100","34,780","23,386","3,509","3,239",,,,,"23,596","4,404","18,500","3,867",,,,,"20,000","16,015",,,,,,,,,,,,
2013-7,,,,,,,,,,,,,"2,700","2,190","2,048","1,852","32,415","26,137","3,536","3,296",,"19,027","6,667","5,245","25,480","4,415","20,071","4,070",,,,,"20,730","15,748",,,,,"8,863","6,889","5,640","4,840",,,,
2013-8,,,,,,,,,,,,,"2,650","2,190","1,710","1,519","32,715","23,696","2,873","2,549","22,600","16,912","5,979","4,307","26,908","4,467","21,352","4,200",,,,,"23,869","15,858",,,,,"5,896","5,542","3,952","3,023",,,,
2013-9,,,,,,,,,,,,,"2,670","2,190","1,700","1,500","33,097","24,729","3,204","2,759","21,243","16,333","4,889","3,778","25,000","4,467","20,000","4,200",,,,,"25,958","16,030",,,,,"4,367","4,230","3,267","2,578",,,,
2014-1,"2,727","2,063","2,245","1,845","10,650","8,524","3,253","2,703",,,,,"2,440","2,330","1,600","1,300","33,095","19,686","3,267","2,887",,,,,"22,961","6,033","15,609","5,150",,,,,"27,500","17,645",,,,,,,,,,,,
2014-10,"2,639","2,000","1,436","1,127","10,487","7,781","1,946","1,603",,,,,"2,560","2,350","2,067","1,867","26,713","14,554","2,143","1,860",,,,,"21,690","3,810","18,250","3,429",,,,,,"15,190",,,,,"4,085","3,442","2,767","2,233",,,,
2014-11,"2,376","1,885","1,560","1,315","7,684","6,206","1,477","1,230",,,,,"2,500","2,240","1,765","1,565","28,436","14,838","2,170","1,837",,,,,"21,570","3,593","15,531","3,253",,,,,,"15,000",,,,,,,,,,,,
2014-12,"2,516","1,933","2,110","1,895","7,904","6,033","1,505","1,254",,,,,"2,350","2,200","1,700","1,500","30,608","15,729","2,333","2,000",,,,,"19,971","3,533","15,466","3,232",,,,,,"18,118",,,,,,,,,,,,
2014-2,"3,060","2,250","2,245","1,890","11,302","9,583","3,107","2,420",,,,,"2,520","2,430","1,835","1,590","32,534","20,680","3,320","2,760",,,,,"25,425","6,067","16,531","4,733",,,,,"27,500","17,963",,,,,,,,,,,,
2014-3,"3,023","2,273","1,754","1,492","11,975","8,756","3,064","2,397",,,,,"2,560","2,480","2,095","1,895","35,381","19,506","3,000","2,533",,,,,"22,498","5,857","16,671","4,667",,,,,"27,500","17,924",,,,,,,,,,,,
2014-4,,,,,"11,417","11,475","3,133","2,467",,,,,"2,580","2,550","2,200","2,000","35,176","20,693","3,000","2,533",,,,,"24,293","5,667","16,725","4,667",,,,,"28,114","17,303",,,,,,,,,,,,
2014-5,,,,,,,,,,,,,"2,710","2,540","2,200","2,000","38,208","25,065","3,649","3,189",,,,,"24,102","5,853","17,542","4,947",,,,,"27,357","15,413",,,,,,,,,,,,
2014-6,,,,,,,,,,,,,"2,760","2,510","2,068","1,947","38,812","31,404","4,140","3,509",,,,,"26,589","6,561","19,341","5,063",,,,,,"16,225",,,,,,,,,,,,
2014-7,,,,,,,,,,,,,"2,670","2,280","1,970","1,804","40,088","30,829","5,232","4,565","18,853","12,462","4,750","3,639","30,866","6,667","19,777","5,000",,,,,,"15,621",,,,,"6,097","6,211","4,240","3,347",,,,
2014-8,,,,,,,,,,,,,"2,590","2,230","1,900","1,700","35,360","29,056","4,877","4,211","17,528","14,228","3,521","2,456","31,674","6,490","23,694","4,824",,,,,,"14,426",,,,,"4,504","4,134","3,242","2,621",,,,
2014-9,,,,,,,,,,,,,"2,640","2,260","2,022","1,822","27,005","17,331","2,670","2,193","17,001",,"3,778","2,511",,,,,,,,,,"15,500",,,,,"3,888","3,486","3,233","2,500",,,,
2015-1,"2,500","2,062","1,586","1,362","8,220","5,963","1,492","1,200",,,,,"2,520","2,200","1,752","1,552","31,320","17,932","2,584","2,235",,,,,"22,527","3,654","16,524","3,333",,,,,,"15,933",,,,,,,,,,,,
2015-10,"3,555","2,293","1,955","1,655","8,776","6,962","2,160","1,740","5,629","4,316","10,000","9,600","2,550","2,470","2,015","1,817","28,824","18,260","2,971","2,486",,,,,,,,,,,,,,"10,972","5,513","4,647","2,310","2,143","4,438","3,576","2,600","2,124",,,,
2015-11,"2,265","1,856","1,800","1,491","7,371","5,946","1,586","1,314","5,519","3,990","10,000","9,600","2,350","2,470","1,630","1,476","28,178","16,431","3,108","2,568",,,,,"20,749","3,595","13,047","3,095",,,,,,"10,000","5,523","4,220","1,877","1,671","4,434","3,527","2,600","2,200",,,,
2015-12,"2,097","1,881","1,833","1,505","7,026","5,574","2,029","1,729","5,481","3,883","10,000","9,600","2,590","2,420","1,615","1,462","28,600","17,366","3,133","2,667",,,,,"20,819","3,586","13,178","3,086",,,,,,"12,201","5,495","4,417","1,976","1,643",,,,,,,,
2015-2,"2,514","2,039","1,612","1,312","8,857","6,294","1,965","1,635",,,,,"2,610","2,230","2,015","1,815","32,409","19,335","2,604","2,227",,,,,"25,049","3,878","17,558","3,545",,,,,,"14,865",,,,,,,,,,,,
2015-3,"3,321","2,220","2,219","1,786","9,437","7,062","1,997","1,661",,,,,"2,550","2,250","2,150","1,950","30,502","17,773","2,673","2,339",,,,,"25,754","3,942","17,875","3,609",,,,,,"15,005",,,,,,,,,,,,
2015-4,"4,018","2,604","2,438","2,000","9,460","6,500","2,208","1,875",,,,,"2,510","2,200","2,150","1,950","29,487","18,036","2,955","2,621",,,,,"26,033","4,333","17,842","4,000",,,,,,"15,623",,,,,,,,,,,,
2015-5,,,,,,,,,,,,,"2,590","2,250","2,150","1,950","30,023","17,623","2,837","2,463",,,,,"26,922","4,333","17,749","4,000",,,,,,"15,367",,,,,,,,,,,,
2015-6,,,,,,,,,"4,617","4,177","8,518","7,609","2,530","2,340","2,150","1,950","31,254","17,861","2,667","2,133",,,,,"26,409","4,333","18,941","4,000",,,,,,"13,700","5,337","4,717","2,424","2,171",,,,,,,,
2015-7,,,,,,,,,"5,516","4,110","8,600","7,850","2,560","2,400","2,151","1,944","30,149","17,032","2,667","2,133","18,949","15,000","5,315","3,870","25,854","4,333","18,396","4,064",,,,,,"13,279","5,463","4,450","2,159","1,909","6,463","5,749","4,867","4,150",,,,
2015-8,,,,,,,,,,,,,"2,630","2,400","2,154","1,923","26,312","17,879","2,307","1,893","14,672","11,130","4,067","3,011","25,744","4,563","18,955","4,270",,,,,,"11,049","5,463","4,264","2,013","1,700","5,840","4,565","4,520","3,760",,,,
2015-9,,,,,,,,,"6,574","5,134","10,000","9,600","2,620","2,420","2,154","1,923","26,863","19,225","2,580","2,193","16,933","11,250","3,972","2,889",,,,,,,,,,"13,100","5,638","4,740","2,483","2,267","4,244","3,612","3,230","2,260",,,,
2016-1,"2,193","1,985","1,805","1,480","6,667","5,335","2,200","1,900","5,532","3,568","9,800","9,400","2,480","2,480","1,854","1,700","30,668","18,334","3,243","2,690",,,,,"20,268","3,875","13,470","3,340",,,,,,"11,955","5,457","4,592","2,079","1,667",,,,,,,,
2016-10,"3,518","2,733","2,407","1,933","7,461","5,718","2,100","1,680","6,163","3,657","10,320","9,600","3,200","2,870","2,458","2,208","30,838","18,336","2,970","2,597",,,,,"13,502","4,000","15,000","3,500",,,,,,"12,830","6,033","4,775","2,396","2,146","4,751","4,001","3,292","2,692",,,,
2016-11,"2,695","2,333","1,896","1,514","7,253","5,418","2,096","1,627","5,814","3,168","10,000","9,200","3,130","2,860","2,028","1,797","31,882","18,555","2,791","2,436",,,,,"18,085","4,000","15,526","3,500",,,,,,"13,747","5,565","4,518","1,731","1,504",,,,,,,,
2016-12,"2,668","2,333","1,633","1,371","8,254","6,390","2,576","2,095","5,345","2,650","10,114","9,314","3,030","2,830","1,835","1,604","31,280","17,493","2,930","2,597",,,,,"18,255","4,229","15,655","3,729",,,,,,"19,950","5,134","4,330","1,933","1,651",,,,,,,,
2016-2,"3,347","2,469","2,222","1,894","6,978","5,762","2,489","2,189","5,825","4,486","9,200","8,800","2,670","2,450","1,923","1,769","30,704","19,456","3,326","2,659",,,,,"22,547","4,417","15,471","3,656",,,,,,"13,473","5,610","4,622","2,083","1,667",,,,,,,,
2016-3,"3,577","3,077","2,746","2,215","7,528","6,253","3,214","2,696","5,540","3,529","9,200","8,800","2,800","2,530","2,322","2,094","31,257","17,882","3,064","2,397",,,,,"22,058","4,500","14,202","3,800",,,,,,"13,605","5,600","4,752","2,273","1,928",,,,,,,,
2016-4,,,,,,,,,"5,320","3,401","8,880","8,170","2,830","2,590","2,385","2,154","30,305","18,342","3,000","2,333",,,,,"20,509","4,500","13,964","3,800",,,,,,"13,900","5,623","4,822","2,383","2,025",,,,,,,,
2016-5,,,,,,,,,"4,818","3,534","8,820","8,000","3,160","2,680","2,477","2,200","32,308","18,643","3,093","2,427",,,,,"21,206","4,430","13,813","3,765",,,,,,"14,585","5,584","4,790","2,558","2,242",,,,,,,,
2016-6,,,,,,,,,"4,920","3,584","9,200","8,200","2,980","2,750","2,538","2,231","32,567","18,774","3,276","2,733",,,,,"21,628","4,129","13,498","3,329",,,,,,"17,262","6,222","4,880","2,500","2,250",,,,,,,,
2016-7,,,,,,,,,,"1,980","9,600","8,600","3,060","2,790","2,538","2,231","34,178","20,190","3,698","3,251","18,015","12,847","3,898","2,684","22,408","4,129","13,666","3,329",,,,,,"14,967","6,047","4,878","2,500","2,250","6,751","6,268","5,278","4,433",,,,
2016-8,,,,,,,,,"7,000","4,726",,,"3,120","2,810","2,538","2,231","31,507","21,094","4,000","3,667","16,177","12,755","3,737","2,748","22,238","4,482","15,000","3,682",,,,,,"14,141","6,091","4,982","2,500","2,250","5,135","4,110","4,227","3,427",,,,
2016-9,,,,,,,,,"6,322","3,917","10,621","10,021","3,250","2,870","2,555","2,247","29,998","19,601","3,747","3,316","21,807","12,286","4,540","3,460",,,,,,,,,,"13,080","6,281","5,081","2,509","2,259","4,506","3,844","3,411","2,611",,,,
2017-1,"2,963","2,355","2,170","1,870","8,069","6,320","2,470","2,005","5,726","2,901","10,400","9,600","2,780","2,570","1,769","1,538","30,521","18,726","3,027","2,667",,,,,"20,046","4,460","15,320","3,920",,,,,,"19,551","5,410","4,448","2,167","1,917",,,,,,,,
2017-10,"3,559","2,659","2,475","1,992","9,573","6,683","2,500","2,057","5,246","3,490","9,750","9,150","3,000","2,550","2,038","1,788","30,187","19,124","2,675","2,404",,,,,,,,,,,,,"16,230","11,250","5,922","4,694","2,333","2,042","4,823","4,621","4,000","3,400",,,,
2017-11,"2,812","2,417","1,946","1,468","9,082","6,690","2,782","2,286","6,000","3,995","8,782","8,073","2,850","2,450","1,839","1,573","26,092","16,302","2,345","2,012",,,,,"21,288","3,355","14,095","2,796",,,,,,"15,016","6,000","4,457","2,307","1,905",,,,,,,,
2017-12,"2,771","2,351","2,074","1,505","10,507","7,457","3,516","2,963","6,000","3,994","8,958","8,158","2,780","2,430","1,769","1,538","26,940","16,258","2,333","2,000",,,,,"22,679","3,511","16,352","2,911",,,,,,"14,000","5,877","4,163","1,917","1,667",,,,,,,,
2017-2,"4,551","3,194","4,225","3,675","7,749","6,326","2,600","2,100","4,857","3,209","9,530","8,890","2,860","2,530","2,000","1,831","29,807","18,143","3,033","2,647",,,,,"20,315","4,550","15,633","3,970",,,,,,"17,009","5,346","4,509","2,200","1,950",,,,,,,,
2017-3,"6,747","4,670","5,800","5,000","7,771","6,001","2,643","2,143","3,968","3,493","7,173","6,227","2,820","2,530","2,308","2,154","32,345","17,080","3,139","2,806",,,,,"18,515","4,355","15,117","3,855",,,,,,"16,256","5,533","4,461","2,019","1,769",,,,,,,,
2017-4,,,,,,,,,"3,649","3,122","7,050","6,160","2,890","2,550","2,308","2,154","33,435","17,724","3,293","2,960",,,,,"18,361","3,970","15,941","3,470",,,,,,"14,739","5,177","4,037","1,633","1,383",,,,,,,,
2017-5,,,,,,,,,"3,844","3,392","8,000","7,221","2,930","2,490","2,162","2,008","34,710","18,501","3,200","2,867",,,,,"19,081","3,800","15,967","3,300",,,,,,"13,224","5,588","4,393","2,140","1,890",,,,,,,,
2017-6,,,,,,,,,"4,153","3,179","7,371","6,419","2,900","2,500","2,154","2,000","39,034","25,160","3,956","3,571",,,,,"21,922","3,800","15,288","3,248",,,,,,"12,514","5,803","4,595","2,187","1,937",,,,,,,,
2017-7,,,,,,,,,"4,138","3,049","7,667","6,767","2,840","2,460","2,007","1,853","41,395","32,960","4,051","3,692","17,411","17,000","5,313","3,859","23,599","3,838","15,323","3,338",,,,,,"11,700","5,565","4,423","2,008","1,702","6,238","6,004","5,200","4,213",,,,
2017-8,,,,,,,,,,,,,"2,870","2,480","1,972","1,745","39,997","35,907","4,133","3,667","16,431","12,632","4,152","2,828","25,292","3,586","16,762","3,086",,,,,,"15,246","5,510","4,081","2,019","1,621","5,424","5,942","5,418","4,609",,,,
2017-9,,,,,,,,,"4,667","2,950","10,000","9,400","2,940","2,460","2,018","1,788","28,397","19,885","3,156","2,800","16,780",,"3,667","2,111",,,,,,,,,,"10,667","5,893","4,640","2,266","2,004","5,032","4,549","4,276","3,514",,,,
2018-1,"3,129","2,387","2,450","1,950","10,563","7,968","3,509","2,846","6,000","3,990","9,173","8,373","2,800","2,460","1,815","1,584","27,385","17,649","2,639","2,215",,,,,"22,259","3,977","15,960","3,468",,,,,,"13,864","5,833","4,320","1,917","1,667",,,,,,,,
2018-10,,,,,"10,262","7,445","2,908","2,408","5,469","4,393","9,286","8,248","2,850","2,490","2,044","1,886","32,551","20,706","2,879","2,546",,,,,"21,000","3,850","14,383","3,350",,,,,,,"6,608","5,278","2,230","2,060","6,832","6,186","5,889","4,889",,,,
2018-11,,,,,"10,108","7,085","3,209","2,709","5,560","4,589","9,400","8,336","2,790","2,430","1,811","1,545","33,503","20,789","3,139","2,806",,,,,"20,600","3,996","15,420","3,496",,,,,,,"6,111","4,713","1,697","1,515","6,660","6,290",,,,,,
2018-12,,,,,"11,099","7,964","3,437","2,937","6,000","4,649","8,168","7,705","2,640","2,430","1,729","1,381","34,836","22,737","3,404","3,070",,,,,"20,411","4,368","17,098","3,868",,,,,,,"5,833","4,645","1,816","1,649",,,,,,,,
2018-2,,,,,"12,173","7,887","3,750","2,994","6,000","4,161","8,022","7,222","2,950","2,480","1,885","1,654","27,165","18,997","2,815","2,330",,,,,"22,421","4,244","17,598","3,656",,,,,,"14,000","5,833","4,238","1,931","1,681",,,,,,,,
2018-3,,,,,"11,742","7,783","3,677","2,877","4,665","3,865","7,324","6,886","2,990","2,330","2,179","2,018","27,778","19,552","2,606","2,140",,,,,"22,267","4,200","17,956","3,600",,,,,,"14,000","5,690","4,284","2,000","1,750",,,,,,,,
2018-4,,,,,,,,,"3,887","3,807","7,448","7,048","3,030","2,510","2,231","2,077","27,602","19,459","2,600","2,133",,,,,"20,501","4,200","17,878","3,600",,,,,,"14,000","5,181","4,316","2,000","1,750",,,,,,,,
2018-5,,,,,,,,,"3,813","3,080","7,360","6,960","3,020","2,540","2,062","1,908","27,011","18,881","2,600","2,133",,,,,"18,795","4,200","17,416","3,600",,,,,,"19,560","5,488","4,613","2,167","1,917",,,,,,,,
2018-6,,,,,,,,,"4,098","3,157","7,242","6,653","2,810","2,400","1,899","1,745","26,110","19,175","2,600","2,133",,,,,"19,429","4,200","17,385","3,600",,,,,,"12,000","5,611","4,631","2,167","1,917",,,,,,,,
2018-7,,,,,,,,,"4,200",,,,"2,670","2,350","1,685","1,531","27,141","19,092","2,600","2,133","18,747","15,860","6,630","5,519","20,520","4,200","17,036","3,600",,,,,,,"5,555","4,298","1,932","1,682","8,365","7,316","5,467","4,467",,,,
2018-8,,,,,,,,,,,,,"2,660","2,380","1,699","1,545","27,366","19,502","2,427","2,052","19,914","15,727","6,232","5,121","22,148","4,355","17,470","3,791",,,,,,,"5,423","4,023","1,932","1,697","6,684","6,075","5,627","4,627",,,,
2018-9,,,,,,,,,"6,000","4,245","9,400","8,400","2,790","2,380","2,014","1,860","31,679","22,639","3,282","2,953","22,570",,,,"23,300","4,460","18,300","3,960",,,,,,,"5,933","4,651","2,397","2,230","6,472","5,652","5,247","4,247",,,,
2019-1,,,,,"11,077","8,513","3,100","2,600","6,000","4,333","7,891","7,491","2,800","2,410","1,871","1,545","36,325","22,786","3,636","3,303",,,,,"23,199","4,732","16,903","4,232",,,,,,,"5,870","4,449","1,947","1,765",,,,,,,,
2019-10,,,,,"10,088","8,307","3,040","2,600","4,128","4,990","8,038","7,238","2,820","2,380","2,388","2,081","33,184","20,671","2,410","2,076",,,,,"16,778","3,275","14,259","2,650",,,,,,,"5,952","5,000","2,417","2,171","4,927","4,432","3,638","2,857","16,250","16,252","13,310","11,334"
2019-11,,,,,"8,838","6,744","3,133","2,676","4,477",,"8,514","7,752","2,800","2,350","2,044","1,736","27,992","19,870","2,873","2,238",,,,,"17,037","3,410","12,841","2,576",,,,,,,"5,494","4,149","1,837","1,671","5,091","4,791",,,"16,243","16,421","15,286","14,048"
2019-12,,,,,"9,937","7,589","3,235","2,735","4,394",,"9,000","8,400","2,770","2,380","1,908","1,600","27,641","19,907","3,040","2,373",,,,,"16,867","3,800","12,510","2,900",,,,,,,"5,605","4,231","1,783","1,608",,,,,,"16,820","15,000","13,500"
2019-2,,,,,"11,615","9,171","3,165","2,665","5,529","3,653","7,600","7,200","2,760","2,440","2,023","1,715","38,515","24,213","3,451","3,118",,,,,"26,042","3,882","17,502","3,382",,,,,,,"5,870","4,418","1,814","1,490",,,,,,,,
2019-3,,,,,"12,131","9,702","3,646","3,146","4,813","3,377","6,600","6,200","2,760","2,440","2,077","1,769","38,047","23,708","3,650","3,317",,,,,"25,819","4,275","16,772","3,750",,,,,,,"6,025","4,751","1,921","1,617",,,,,,,,
2019-4,,,,,,,,,"4,470","3,345","6,200","5,600","2,870","2,500","2,098","1,811","38,486","23,761","3,655","3,321",,,,,"27,196","4,205","17,221","3,705",,,,,,,"5,830","4,979","2,125","1,826",,,,,,,,
2019-5,,,,,,,,,"4,493","3,365","7,400","6,600","2,660","2,530","2,154","1,923","38,879","26,474","3,667","3,333",,,,,"26,723","4,048","17,843","3,548",,,,,,,"5,889","5,091","2,250","1,833",,,,,,,,
2019-6,,,,,,,,,"4,442","3,528","7,400","6,600","2,600","2,530","2,154","1,923","40,633","25,397","4,077","3,744",,,,,"25,706","4,290","18,853","3,790",,,,,,,"5,920","5,009","2,474","2,057",,,,,,,,
2019-7,,,,,,,,,"4,424","3,486","7,400","6,600","2,640","2,430","2,033","1,803","42,216","29,332","4,722","4,388","15,537","17,037","5,422","4,311","27,356","3,922","18,196","3,422",,,,,,,"5,872","4,785","2,239","1,996","7,000","8,054","5,147","4,333",,,,
2019-8,,,,,,,,,,,,,"2,620","2,390","1,949","1,733","44,019","28,040","5,333","5,000","13,229",,"4,751","3,693","29,513","3,248","18,764","2,748",,,,,,,"5,997","4,327","2,147","1,941","5,628","5,790","4,400","3,610",,,"18,125","15,938"
2019-9,,,,,,,,,,,"9,467","8,833","2,830","2,380","2,381","2,113","33,511","21,112","2,663","2,288",,,,,"26,600","3,500","19,000","3,000",,,,,,,"5,987","5,062","2,500","2,250","5,327","4,850","3,663","2,895","19,638","18,591","16,211","13,711"
2020-1,,,,,"9,965","7,339","3,055","2,555","4,278",,"8,470","7,870","2,800","2,420","2,000","1,692","29,220","20,887","2,970","2,320",,,,,"18,454","3,615","13,535","2,815",,,,,,,"5,650","4,403","2,058","1,800",,,,,,,,
2020-10,,,,,"11,133","6,975","3,790","3,285","5,021",,"12,123","11,092","2,860","2,430","2,391","2,007","34,279","26,674","4,022","3,689",,,,,"26,638","4,906","21,000","4,406",,,,,,,"5,807","4,648","2,374","2,023",,"6,351","3,838","2,838","19,323","15,228","12,569","10,069"
2020-11,,,,,"10,353","7,390","3,538","3,038","5,042","4,458","10,320","9,320","2,810","2,410","1,976","1,591","34,256","27,206","4,403","4,079",,,,,"24,880","5,016","19,567","4,516",,,,,,,"5,884","4,603","2,252","1,836",,"7,573",,,"17,448","14,863","13,634","11,134"
2020-12,,,,,"11,766","8,118","4,094","3,594","5,509",,"10,550","9,550","2,790","2,400","1,550","1,166","37,231","28,610","4,899","4,566",,,,,"24,699","6,200","20,276","5,700",,,,,,,"5,874","4,639","1,662","1,245",,,,,"16,456","15,222","13,353","10,853"
2020-2,,,,,"9,684","7,513","3,125","2,625","3,885",,"6,800","6,100","2,910","2,450","2,173","1,808","30,936","22,284","3,033","2,367",,,,,"20,066","3,705","14,319","3,120",,,,,,,"5,980","4,333","1,833","1,500",,,,,,,,
2020-3,,,,,"10,289","8,851","3,771","3,314","3,845",,"6,964","6,164","2,880","2,410","2,238","1,867","30,395","21,285","3,124","2,791",,,,,"20,540","4,009","13,704","3,009",,,,,,,"5,572","4,189","1,811","1,606",,,,,,,,
2020-4,,,,,,,,,"4,001","3,071","7,750","7,150","2,880","2,430","2,619","2,219","28,980","21,664","3,347","2,757",,,,,"20,834","4,215","14,488","3,075",,,,,,,"5,690","4,394","2,108","1,967",,,,,,,,
2020-5,,,,,,,,,"3,861","3,065","8,579","7,853","2,900","2,370","2,433","1,972","29,125","20,556","4,032","2,965",,,,,"22,200","6,137","16,544","4,416",,,,,,,"5,626","4,257","1,961","1,794",,,,,,,,
2020-6,,,,,,,,,"4,127","2,750","9,191","8,391","2,900","2,440","1,991","1,535","29,233","20,749","4,055","2,988",,,,,"22,926","6,805","17,346","4,705",,,,,,,"5,623","4,364","1,894","1,727",,,,,,,,
2020-7,,,,,,,,,"4,374",,"11,200","10,285","2,890","2,430","2,000","1,625","31,232","22,181","3,926","2,867","16,563",,"5,533","4,335","25,548","7,971","18,042","5,104",,,,,,,"5,742","4,804","2,183","1,970",,"9,909","5,985","5,067",,,,
2020-8,,,,,,,,,,,,,"2,830","2,410","2,089","1,766","32,137","21,633","3,840","2,867","15,865",,"3,873","2,716","27,037","9,830","19,501","7,600",,,,,,,"5,854","4,465","2,367","2,200",,"7,961","5,041","4,201","33,138","21,648","19,682","17,075"
2020-9,,,,,,,,,,,"11,687","10,687","2,770","2,380","2,404","2,019","31,521","25,642","4,246","3,912","17,780",,,,,,,,,,,,,,"5,873","4,688","2,415","2,248","6,125","6,917","3,905","2,876","23,170","17,694","15,236","12,736"
2021-1,,,,,"12,183","7,999","5,087","4,587","5,779",,"10,775","9,775","2,880","2,480","1,510","1,125","45,274","31,599","5,077","4,743",,,,,"29,650","6,265","23,396","5,765",,,,,,,"5,995","4,827","1,828","1,411",,,,,"15,800","16,389","13,900","11,400"
2021-10,,,,,"10,677","9,706","3,469","2,969","5,360",,"9,142","8,142","2,980","2,670","2,085","1,700","33,751","30,693","2,647","2,314",,,,,,"3,882",,"3,382",,,,,,,"6,327","5,172","2,803","2,386","8,000","7,287","3,440","2,440","15,696","14,446","11,250","8,750"
2021-11,,,,,"11,998","9,069","3,642","3,142","5,748",,"9,814","8,814","2,970","2,650","1,923","1,538","32,409","24,789","2,995","2,662",,,,,"23,632","3,556","15,889","3,056",,,,,,,"6,327","5,019","2,589","2,172",,,,,"16,568","15,320","14,080","11,580"
2021-12,,,,,"13,582","11,139","4,456","3,956","5,683",,"10,520","9,520","2,980","2,710","1,884","1,499","36,208","21,058","3,380","3,047",,,,,"24,742","4,711","17,604","4,211",,,,,,,"6,327","5,050","2,230","1,813",,,,,"17,802","16,073","13,875","11,375"
2021-2,,,,,"13,427","9,033","6,268","5,768","5,030",,"10,312","9,312","2,790","2,370","2,114","1,689","46,771","35,125","5,107","4,773",,,,,"34,016","6,867","25,104","6,367",,,,,,,"5,773","4,997","1,854","1,463",,,,,"15,737",,"18,134","15,617"
2021-3,,,,,"13,068","8,656",,,"3,876",,"7,099","6,099","2,830","2,440","2,222","1,837","48,356","37,022","5,333","5,000",,,,,"30,652","6,764","25,551","6,264",,,,,,,"5,922","4,823","2,125","1,708",,,,,,,,
2021-4,,,,,"11,016",,,,"4,013","3,067","7,105","6,105","2,750","2,530","2,254","1,869","45,530","36,273","5,545","5,212",,,,,"34,186","7,200","25,232","6,700",,,,,,,"5,993","4,926","2,329","1,912",,,,,,,,
2021-5,,,,,,,,,"3,890","3,719","7,265","6,265","2,900","2,660","2,221","1,837","43,647","34,993","6,200","5,867",,,,,"32,413","7,226","25,514","6,726",,,,,,,"5,993","4,997","2,330","1,914",,,,,,,,
2021-6,,,,,,,,,"4,160","3,500","8,160","7,160","2,960","2,730","2,177","1,792","44,973","36,594","6,342","6,009",,,,,"31,524","7,127","25,484","6,627",,,,,,,"5,993","4,967","2,264","1,847",,,,,,,,
2021-7,,,,,,,,,"5,490",,"9,492","8,492","2,990","2,660","1,951","1,567","50,812","38,018","6,667","6,333","20,390",,"5,269","4,158","30,868","6,703","25,252","6,203",,,,,,,"5,993","4,944","2,192","1,775",,"12,642","5,476","4,476",,,"20,600","18,100"
2021-8,,,,,,,,,,,"10,936","9,936","2,990","2,730","1,853","1,469","52,605","40,158","6,667","6,333","22,875",,"5,271","4,160","29,613","5,000","23,353","4,500",,,,,,,"6,279","4,643","2,323","1,906","9,300","8,786","4,495","3,495","21,368","20,377","18,093","15,593"
2021-9,,,,,,,,,,,"10,803","9,803","2,980","2,690","2,000","1,615","32,116","34,393","3,088","2,754","23,143",,,,,,,,,,,,,,"6,327","4,997","2,715","2,298","7,827","6,810","3,955","2,955","19,193","17,587","14,013","11,513"
2022-1,,,,,"15,039","11,146","4,945","4,250","5,649",,"11,000","10,000","2,980","2,840","1,972","1,587","32,702","26,195","3,883","3,358",,,,,"27,229","6,550","19,357","5,262",,,,,,,"6,043","5,109","2,043","1,626",,,,,"20,387","21,289",,
2022-10,,,,,"10,254","6,814","3,553","3,053","7,097",,"12,258","11,258","3,100","2,800","2,351","1,966","32,722","20,104","2,520","2,187",,,,,"26,162","4,057","15,530","3,557",,,,,,,"6,327",,"2,786","2,370",,"7,795","3,907","2,907","11,869","11,795","8,321","5,995"
2022-11,,,,,"11,229","7,385","3,283","2,783","5,930",,"10,905","9,905","3,080","2,710","2,354","1,969","29,971","20,791","2,604","2,264",,,,,"25,379","3,824","15,129","3,324",,,,,,,"6,327",,"2,256","1,840",,"7,269","4,280","3,280","11,730","11,536","9,000","6,500"
2022-12,,,,,"12,859","7,715","3,812","3,278","5,133",,"8,974","7,974","2,970","2,740","2,147","1,762","29,763","22,089","2,636","2,302",,,,,"23,994","4,001","15,676","3,501",,,,,,,"6,015",,"2,354","1,937",,,,,"14,995","12,073","8,891","6,391"
2022-2,,,,,"16,270","14,026","5,028","4,438","5,727",,"9,196","8,196","3,120","2,890","2,133","1,749","37,676","25,438","3,554","3,128",,,,,"27,964","4,971","19,863","4,394",,,,,,,"5,993","5,191","2,259","1,843",,,,,"22,157","21,972",,
2022-3,,,,,"17,138","11,648","6,223","5,723","4,559",,"7,600","6,600","3,200","2,980","2,327","1,942","38,439","26,068","3,320","2,987",,,,,"29,353","3,891","21,123","3,391",,,,,,,"5,993","5,330","2,483","2,066",,,,,"33,325",,,
2022-4,,,,,,,,,"4,743",,"7,810","6,810","3,120","2,970","2,478","2,093","34,467","28,046","3,481","3,148",,,,,"30,750","4,280","19,038","3,780",,,,,,,"6,089","5,520","2,611","2,194",,,,,,,,
2022-5,,,,,,,,,"4,463",,"8,459","7,459","3,180","2,790","2,610","2,226","36,148","30,204","3,852","3,519",,,,,"31,310","3,995","21,076","3,495",,,,,,,"6,160","5,663","2,667","2,250",,,,,,,,
2022-6,,,,,,,,,"4,446",,"10,312","9,312","3,320","2,800","2,537","2,152","36,706","29,892","4,449","3,932",,,"6,022","4,911","31,185","5,150","21,744","4,325",,,,,,,"6,210","5,630","2,667","2,250",,,,,,,,
2022-7,,,,,,,,,,,"10,634","9,634","3,350","2,800","2,008","1,623","36,050","32,936","5,021","4,354","21,292",,"6,052","4,941","32,523","5,930","22,543","4,930",,,,,,,"6,327","5,316","2,169","1,752",,"15,765",,,,"30,016","19,915","17,415"
2022-8,,,,,,,,,,,"11,436","10,436","3,260","2,800","2,036","1,652","36,963","29,445","4,694","4,106","21,579",,"5,222","4,111","33,732","5,930","22,263","4,930",,,,,,,"6,327","5,000","2,406","1,990",,"12,408","4,962","3,852",,"23,943","17,543","15,048"
2022-9,,,,,,,,,"7,365",,"13,206","12,206","3,100","2,800","2,324","1,940","37,928","24,166","3,031","2,698","25,671",,"5,003","3,892",,,,,,,,,,,"6,327",,"2,830","2,413",,"8,099","3,979","2,956","14,613","18,078","13,925","11,575"
2023-1,,,,,"12,371","8,311","3,775","3,116","6,340",,"10,801","9,801","3,030","2,750","2,168","1,784","30,477","24,468","2,965","2,565",,,,,"23,908","4,386","16,848","3,886",,,,,,,"6,215",,"2,363","1,947",,,,,"13,687","11,352","8,900","6,400"
2023-10,,,,,"18,735","13,022","4,614","4,038","7,055","4,823",,,"3,540","3,100","2,794","2,486","32,311","23,663","3,947","3,566",,,,,"30,442","7,296","24,754","6,801",,,,,,,"7,157","6,619","3,343","3,029","10,655","11,213","8,960","7,760","10,889",,"7,116","6,127"
2023-11,,,,,"15,578","11,029","4,569","3,992","6,327","4,852","11,615","10,621","3,520","3,020","2,614","2,292","27,250","20,983","4,361","3,961",,,,,"26,603","7,577","19,355","7,020",,,,,,,"8,543","7,289","3,260","2,952",,,,,"9,876",,"7,709","6,700"
2023-12,,,,,"15,998","13,095","5,485","4,903","5,665","4,014","8,474","7,597","3,300","3,010","2,238","2,007","33,703","27,236","4,779","4,321",,,,,"26,479","9,161","19,982","8,264",,,,,,,"7,945","5,594","2,893","2,590",,,,,"10,929",,"8,179","7,179"
2023-2,,,,,"12,209","8,480","3,591","3,031","6,140",,"9,226","8,226","3,170","2,940","2,409","2,025","34,340","22,642","2,953","2,619",,,,,"24,690","4,336","17,183","3,836",,,,,,,"6,240",,"2,341","1,924",,,,,"12,470","11,094","8,253","5,753"
2023-3,,,,,"11,596","8,930",,,"5,514","3,763","8,727","7,757","3,210","3,000","2,778","2,393","30,648","22,873","2,759","2,427",,,,,"24,385","4,124","16,235","3,624",,,,,,,"6,715","6,591","2,481","2,064",,,,,,"12,081",,
2023-4,,,,,,,,,"5,529","3,595","8,700","8,004","3,330","3,290","2,806","2,422","29,387","23,653","2,575","2,275",,,,,"24,446","4,566","17,713","4,059",,,,,,,"7,324","6,626","2,724","2,378",,,,,,"9,935",,
2023-5,,,,,,,,,"4,916","3,559","8,039","7,504","3,440","3,340","2,657","2,345","29,628","22,933","2,865","2,575",,,,,"24,369","5,212","18,574","4,541",,,,,,,"7,451","6,767","2,962","2,760",,,,,,,,
2023-6,,,,,,,,,"5,100","3,609","8,036","7,630","3,280","3,230","2,414","2,232","27,524","21,852","3,623","3,147",,,,,"24,547","6,515","19,324","5,450",,,,,,,"7,286","6,248","2,945","2,775",,,,,,,,
2023-7,,,,,,,,,"5,291","3,575","9,130","8,583","3,220","3,040","2,282","2,088","27,737","19,916","3,990","3,480","22,813",,"6,569","5,128","27,518","8,171","19,995","6,201",,,,,,,"6,952","5,187","2,824","2,657","16,123","15,183","10,467","9,413","24,687",,"15,800","13,667"
2023-8,,,,,,,,,"7,006","4,030","12,690","11,620","3,260","2,970","2,372","2,177","31,745","19,768","4,221","3,613","26,070",,"9,055","7,405","23,361","8,920","20,717","6,480",,,,,,,"6,782","5,205","2,811","2,627","12,612","12,312","10,473","9,335","18,349","17,555","15,150","12,264"
2023-9,,,,,,,,,"7,759","4,885",,,"3,480","3,160","2,508","2,277","29,947","22,853","4,192","3,882","32,215",,"10,050","7,550",,,,,,,,,,,"7,079","6,006","3,190","2,905","10,994","8,924","8,644","7,652","13,827",,"9,160","7,815"
2024-1,,,,,"17,406","15,549","5,686","5,128","6,077","4,430","10,556","9,696","3,330","3,160","2,502","2,106","31,339","24,556","5,100","4,643",,,,,"26,232","9,756","21,259","8,777",,,,,,,"8,271","6,862","2,755","2,447",,,,,"12,284",,"10,100","8,573"
2024-2,,,,,"22,351","20,438","6,677","5,679","4,524",,"7,909","6,992","3,350","3,100","2,660","2,212","36,293","28,954","5,987","5,013",,,,,"26,519","10,347","21,458","8,674",,,,,,,"8,213","7,639","2,895","2,474",,,,,"13,552",,"13,569","10,258"
2024-3,,,,,"20,626","17,957",,"5,860","3,448","3,193","6,767","6,185","3,320","3,000","2,643","2,393","39,940","31,211","6,987","5,747",,,,,"25,130","10,045","18,838","8,945",,,,,,,"7,318","5,104","2,668","2,448",,,,,"15,357",,"15,200","11,800"
2024-4,,,,,"18,112",,,,"3,474","2,868","7,248","6,871","2,960","2,790","2,491","2,272","40,945","31,830","9,032","7,933",,,,,"22,603","11,257","17,562","10,248",,,,,,,"6,809","5,784","2,386","2,140",,,,,"17,080",,,
2024-5,,,,,,,,,"3,700","2,780","7,589","6,951","2,570","2,570","2,380","2,112","47,681","39,379","9,840","9,173",,,,,"29,427","11,640","23,919","10,775",,,,,,,"6,728","5,416","2,549","2,305",,,,,,,,
2024-6,,,,,,,,,"4,293","3,182","8,061","7,029","2,710","2,430","2,122","1,824","64,572","41,167","10,877","10,218",,,,,"34,542","11,232","24,991","10,379",,,,,,,"7,209","6,990","2,853","2,621",,,,,,,,
2024-7,,,,,,,,,"4,826","3,230","9,815","7,639","2,780","2,340","1,877","1,581","88,002","56,259","11,520","10,180","18,776","14,005","5,508","4,142","31,409","10,100","22,822","9,100",,,,,,,"7,203","5,096","2,493","2,198","13,133","13,781","5,340","4,580","19,906",,"11,100","8,650"
